
{
	"variants" : {
		"rats:textures/entity/neo_ratlantean/neo_ratlantean_blue.png" : "sprite:rats/neo_ratlantean/neo_ratlantean_blue.png",
		"rats:textures/entity/neo_ratlantean/neo_ratlantean_green.png" : "sprite:rats/neo_ratlantean/neo_ratlantean_green.png",
		"rats:textures/entity/neo_ratlantean/neo_ratlantean_black.png" : "sprite:rats/neo_ratlantean/neo_ratlantean_black.png",
		"rats:textures/entity/neo_ratlantean/neo_ratlantean_brown.png" : "sprite:rats/neo_ratlantean/neo_ratlantean_brown.png",

		"layersAllowed": true
	  }
  }