
{
	"variants" : {
		"rats:textures/entity/beasts/feral_ratlantean_blue.png" : "sprite:rats/beasts/feral_ratlantean_blue.png",
		"rats:textures/entity/beasts/feral_ratlantean_green.png" : "sprite:rats/beasts/feral_ratlantean_green.png",
		"rats:textures/entity/beasts/feral_ratlantean_black.png" : "sprite:rats/beasts/feral_ratlantean_black.png",
		"rats:textures/entity/beasts/feral_ratlantean_brown.png" : "sprite:rats/beasts/feral_ratlantean_brown.png",

		"layersAllowed": true
	  }
  }