
{
	"variants" : {
		"rats:textures/entity/rat/blue.png" : "sprite:rats/rat/blue.png",
		"rats:textures/entity/rat/green.png" : "sprite:rats/rat/green.png",
		"rats:textures/entity/rat/black.png" : "sprite:rats/rat/black.png",
		"rats:textures/entity/rat/brown.png" : "sprite:rats/rat/brown.png",

		"rats:textures/entity/rat/baby.png" : "sprite:rats/rat/baby.png",


		"rats:textures/entity/rat/breeding_variants/albino.png" : "sprite:rats/rat/breeding_variants/albino.png",
		"rats:textures/entity/rat/breeding_variants/white.png" : "sprite:rats/rat/breeding_variants/white.png",
		"rats:textures/entity/rat/breeding_variants/brown_hooded.png" : "sprite:rats/rat/breeding_variants/brown_hooded.png",
		"rats:textures/entity/rat/breeding_variants/brown_undercoat.png" : "sprite:rats/rat/breeding_variants/brown_undercoat.png",
		"rats:textures/entity/rat/breeding_variants/gray_hooded.png" : "sprite:rats/rat/breeding_variants/gray_hooded.png",
		"rats:textures/entity/rat/breeding_variants/hooded.png" : "sprite:rats/rat/breeding_variants/hooded.png",
		"rats:textures/entity/rat/breeding_variants/siamese.png" : "sprite:rats/rat/breeding_variants/siamese.png",
		"rats:textures/entity/rat/breeding_variants/yellow_hooded.png" : "sprite:rats/rat/breeding_variants/yellow_hooded.png",
		"rats:textures/entity/rat/breeding_variants/hairless.png" : "sprite:rats/rat/breeding_variants/hairless.png",


		"rats:textures/entity/rat/upgrades/aquatic.png" : "sprite:rats/rat/upgrades/upgrades_aquatic.png",
		"rats:textures/entity/rat/upgrades/bee.png" : "sprite:rats/rat/upgrades/upgrades_bee.png",
		"rats:textures/entity/rat/upgrades/carrat.png" : "sprite:rats/rat/upgrades/upgrades_carrat.png",
		"rats:textures/entity/rat/upgrades/dragon.png" : "sprite:rats/rat/upgrades/upgrades_dragon.png",
		"rats:textures/entity/rat/upgrades/ender.png" : "sprite:rats/rat/upgrades/upgrades_ender.png",
		"rats:textures/entity/rat/upgrades/undead.png" : "sprite:rats/rat/upgrades/upgrades_undead.png",
		"rats:textures/entity/rat/upgrades/idol.png" : "sprite:rats/rat/upgrades/upgrades_idol.png",
		"rats:textures/entity/rat/upgrades/sculked.png" : "sprite:rats/rat/upgrades/upgrades_sculked.png",
		"rats:textures/entity/demon_rat/demon_rat.png" : "sprite:rats/rat/upgrades/upgrades_demon_demon.png",
		"rats:textures/entity/demon_rat/soul_demon_rat.png" : "sprite:rats/rat/upgrades/upgrades_demon_soul.png",
		"rats:textures/entity/ghost_pirat/ghost_pirat.png" : "sprite:rats/rat/upgrades/upgrades_ethernal.png",



		"rats:textures/entity/rat/patreon_skins/ratatla.png" : "sprite:rats/rat/patreon/ratatla.png",
		"rats:textures/entity/rat/patreon_skins/lil_cheese.png" : "sprite:rats/rat/patreon/lil_cheese.png",
		"rats:textures/entity/rat/patreon_skins/julian.png" : "sprite:rats/rat/patreon/julian.png",
		"rats:textures/entity/rat/patreon_skins/friar.png" : "sprite:rats/rat/patreon/friar.png",
		"rats:textures/entity/rat/patreon_skins/dino.png" : "sprite:rats/rat/patreon/dino.png",
		"rats:textures/entity/rat/patreon_skins/bugraak.png" : "sprite:rats/rat/patreon/bugraak.png",
		"rats:textures/entity/rat/patreon_skins/gizmo.png" : "sprite:rats/rat/patreon/gizmo.png",
		"rats:textures/entity/rat/patreon_skins/zura.png" : "sprite:rats/rat/patreon/zura.png",
		"rats:textures/entity/rat/patreon_skins/skrat.png" : "sprite:rats/rat/patreon/skrat.png",
		"rats:textures/entity/rat/patreon_skins/shizuka.png" : "sprite:rats/rat/patreon/shizuka.png",
		"rats:textures/entity/rat/patreon_skins/riddler.png" : "sprite:rats/rat/patreon/riddler.png",
		"rats:textures/entity/rat/patreon_skins/sharva.png" : "sprite:rats/rat/patreon/sharva.png",
		"rats:textures/entity/rat/patreon_skins/ultrakill.png" : "sprite:rats/rat/patreon/ultrakill.png",


		"layersAllowed": true
	  }
  }